{"cameraMode":{"drawMode":0,"name":"Shaded","section":"Shading Mode"},"sceneLighting":true,"audioPlay":false,"sceneViewState":{"m_AlwaysRefresh":false,"showFog":true,"showSkybox":true,"showFlares":true,"showImageEffects":true,"showParticleSystems":true,"showVisualEffectGraphs":true,"m_FxEnabled":true},"in2DMode":false,"pivot":{"x":-2.63193941116333,"y":6.160158634185791,"z":73.12835693359375},"rotation":{"x":-0.004787780810147524,"y":0.004059941507875919,"z":-0.0009768663439899684,"w":1.0002501010894776},"size":1.2247449159622193,"orthographic":false}