{"cameraMode":{"drawMode":0,"name":"Shaded","section":"Shading Mode"},"sceneLighting":true,"audioPlay":false,"sceneViewState":{"m_AlwaysRefresh":false,"showFog":true,"showSkybox":true,"showFlares":true,"showImageEffects":true,"showParticleSystems":true,"showVisualEffectGraphs":true,"m_FxEnabled":true},"in2DMode":false,"pivot":{"x":0.6337746977806091,"y":7.53614616394043,"z":9.396919250488282},"rotation":{"x":0.009743420407176018,"y":0.22417232394218446,"z":-0.0032322718761861326,"w":0.9747716784477234},"size":1.2247449159622193,"orthographic":false}