{"cameraMode":{"drawMode":0,"name":"Shaded","section":"Shading Mode"},"sceneLighting":true,"audioPlay":false,"sceneViewState":{"m_AlwaysRefresh":false,"showFog":true,"showSkybox":true,"showFlares":true,"showImageEffects":true,"showParticleSystems":true,"showVisualEffectGraphs":true,"m_FxEnabled":true},"in2DMode":false,"pivot":{"x":-1.986617922782898,"y":3.7352614402770998,"z":97.9310302734375},"rotation":{"x":0.02522963285446167,"y":-0.014828307554125786,"z":-0.00020667046192102134,"w":0.9999196529388428},"size":0.8660253882408142,"orthographic":false}