{"cameraMode":{"drawMode":0,"name":"Shaded","section":"Shading Mode"},"sceneLighting":false,"audioPlay":false,"sceneViewState":{"m_AlwaysRefresh":false,"showFog":true,"showSkybox":false,"showFlares":true,"showImageEffects":true,"showParticleSystems":true,"showVisualEffectGraphs":true,"m_FxEnabled":true},"in2DMode":false,"pivot":{"x":-2.850510835647583,"y":9.424642562866211,"z":13.042813301086426},"rotation":{"x":0.06136080622673035,"y":0.10563714802265167,"z":0.007066735997796059,"w":-0.9928194284439087},"size":12.990381240844727,"orthographic":false}